date,title,content,position,loss_ratio
2023-09-12,['【金融街发布】交易商协会：进一步规范银行间市场货币经纪报价及数据展示'],['经纪商仅能按照交易机构委托进行标识，不得自行标识。报价通常应当为实盘报价，任何机构不得利用报价扰乱市场交易秩序，不得在交易双方确...'],2.0,0.0020305114515787
2023-09-28,"['【金融街发布】上交所发布《上海证券交易所证券发行与承销规则适用指引第2号——发行承销违规行为监管（试行）》', '【金融街发布】外汇局：二季度我国外债规模有所下降 结构保持基本稳定', '【金融街发布】外汇局：上半年我国经常账户顺差10085亿元 资本和金融账户逆差8757亿元', '【金融街发布】证监会就《公开发行证券的公司信息披露编报规则第15号——财务报告的一般规定（2023年修订）》做修订说明', '【金融街发布】证监会就《公开发行证券的公司信息披露解释性公告第1号——非经常性损益（2023年修订）》做修订说明', '【金融街发布】外汇局：8月我国国际收支货物和服务贸易进出口规模40160亿元', '【金融街发布】粤港澳大湾区“跨境理财通”进一步优化 参与机构范围和合格投资产品范围双扩容', '【金融街发布】人民银行副行长张青松：要进一步营造健康生态 激发支付行业持续发展动力', '【金融街发布】金融监管总局发布《保险销售行为管理办法》']","['上海证券交易所28日发布《上海证券交易所证券发行与承销规则适用指引第2号——发行承销违规行为监管（试行）》，自发布之日起施行。', '王春英预计，未来我国外债规模将继续保持稳定。随着主要发达经济体货币政策紧缩接近尾声，相关外溢影响将有所缓和。我国经济韧性强、潜力大...', '国家外汇管理局28日发布的数据显示，2023年二季度，我国经常账户顺差4510亿元，资本和金融账户逆差3536亿元；2023年上半年，我国经常账户顺差10085亿元，资本和金融账户逆差8757亿元。', '证监会在《财务报告的一般规定》的修订说明中指出，现行部分规定执行中判断空间较大、披露模板化问题较为突出、与其他监管规则的协调衔接有...', '本次修订内容主要包括：新增3项非经常性损益判断原则，明确实际执行中存在争议的问题，以及完善政府补助、金融资产、股份支付相关非经常性...', '国家外汇管理局28日公布的数据显示，2023年8月，我国国际收支货物和服务贸易进出口规模40160亿元。按美元计值，2023年8月，我国国际收支货...', '优化投资者准入条件，支持更多大湾区居民参与试点。扩大参与机构范围。扩大“南向通”“北向通”合格投资产品范围。适当提高个人投资者额度。', '张青松指出，大型商业银行、头部支付机构要发挥“头雁”作用，致力成为合规发展、示范引领、行业尊重、具有国际竞争力的标杆企业。支付机构要强...', '《销售办法》共6章50条，将保险销售行为分为保险销售前行为、保险销售中行为和保险销售后行为三个阶段，区分不同阶段特点，分别加以规制。']",5.0,0.002124166654695
2023-10-10,[],[],7.0,0.0021692754793525
2023-01-20,['【金融街发布】央行：2022年债券市场共发行各类债券61.9万亿元'],['2022年，债券市场共发行各类债券61.9万亿元，同比基本持平。其中银行间债券市场发行债券56.0万亿元，同比增长5.4%，交易所市场发行5.8万亿...'],13.0,0.0022413974389538
2023-07-25,['【金融街发布】交易商协会：加强信用风险缓释工具创新产品应用和市场培育'],['2023年上半年，信用风险缓释工具交易名义本金共计310亿元，同比增长26%。其中，信用风险缓释凭证创设201亿元，同比增长47%，累计支持306亿元...'],14.0,0.0022441992263899
2023-08-10,['【金融街发布】上交所、深交所加快推出“交易端”系列举措 激发市场活力'],['研究将深市上市股票、基金等证券的申报数量要求由100股（份）的整数倍调整为100股（份）起、以1股（份）递增；研究ETF引入盘后固定价格交易机制...'],15.0,0.0022480821464581
2023-08-15,['【金融街发布】人民银行：常备借贷便利利率下调10个基点'],['人民银行调整常备借贷便利利率，隔夜期下调10个基点至2.65%，7天期下调10个基点至2.80%，1个月期下调10个基点至3.15%。'],24.0,0.0023427724584522
2023-11-27,"['【金融街发布】人民银行：推动金融稳定法尽快出台', '【金融街发布】八部门：主动做好民营企业资金接续服务 不盲目停贷、压贷、抽贷、断贷']","['报告表示，健全金融稳定保障体系，推动金融稳定法尽快出台。充分发挥存款保险风险处置功能，健全市场化、法治化、常态化处置机制。', '《通知》强调要从民营企业融资需求特点出发，着力畅通信贷、债券、股权等多元化融资渠道。银行业金融机构要加大首贷、信用贷支持力度，积极开展产业链供应链金融服务，主动做好民营企业资金接续服务，不盲目停贷、压贷、抽贷、断...']",25.0,0.0023513026128877
2023-07-10,[],[],31.0,0.002388518078128
2023-06-05,['【金融街发布】商务部：合理缩减外资准入负面清单 进一步取消或放宽外资准入限制'],['商务部市场体系建设司司长周强表示，将合理缩减外资准入负面清单，进一步取消或放宽外资准入限制。'],36.0,0.0024090856009577
2023-03-01,['【金融街发布】财政部：财政宏观调控有力有效 促进稳定宏观经济大盘'],['合理安排地方政府专项债券规模，适当扩大投向领域和用作资本金范围，持续形成投资拉动力。'],38.0,0.0024141135952117
2023-11-17,"['【金融街发布】证监会：强化对风险的预研预判和处置 加强对重点领域风险防范化解', '【金融街发布】证监会：用好定向可转债等多元化支付工具 推动上市公司重组提质增效', '【金融街发布】证监会就《衍生品交易监督管理办法（二次征求意见稿）》公开征求意见', '三部门：积极服务保障性住房等“三大工程”建设 加快房地产金融供给侧改革']","['连日来，证监会系统深入学习宣传贯彻中央金融工作会议精神，紧紧围绕强监管、防风险这一首要职责，在落实“四早”要求、强化“五大监管”中不断提升履职担责的意识和能力，坚决做到守土有责、守土尽责。', '作为重组支付工具，定向可转债由交易对方以资产认购，兼具“股性”和“债性”，能够为交易双方提供更为灵活的博弈机制，有利于提高重组市场活...', '修改完善后的办法共八章，50条，主要对衍生品交易和结算、禁止的交易行为、交易者、衍生品经营机构、衍生品交易场所、衍生品结算机构、衍生品交易报告库、衍生品行业协会等进行了规范。', '11月17日，中国人民银行、金融监管总局、中国证监会联合召开金融机构座谈会，研究近期房地产金融、信贷投放、融资平台债务风险化解等重点工作。']",41.0,0.0024254721722805
2023-08-01,['【金融街发布】中国人民银行、国家外汇管理局：继续精准有力实施稳健的货币政策 支持房地产市场平稳健康发展'],['会议要求，下半年人民银行、国家外汇管理局系统要深刻领会中央关于经济形势的科学判断，进一步统一思想、坚定信心，切实抓好党中央、国务院...'],47.0,0.002466262385358
2023-09-18,['【金融街发布】中国人民银行、国家外汇管理局召开外资金融机构与外资企业座谈会'],['下一步，将认真贯彻《国务院关于进一步优化外商投资环境 加大吸引外商投资力度的意见》要求，持续优化政策安排，营造市场化、法治化、国际化...'],48.0,0.0024684943780852
2023-01-10,"['【金融街发布】人民银行银保监会联合召开主要银行信贷工作座谈会', '【金融街发布】人民银行：12月末M2余额266.43万亿元 同比增长11.8%', '【金融街发布】发改委规范中长期外债管理 要求企业未经审核登记不得借用外债']","['保持对实体经济的信贷支持力度，加大金融对国内需求和供给体系的支持，做好对基建投资、小微企业、科技创新、制造业、绿色发展等重点领域的...', '12月末，广义货币(M2)余额266.43万亿元，同比增长11.8%，增速比上月末低0.6个百分点，比上年同期高2.8个百分点。2022年全年人民币贷款增加2...', '企业应当加强外债风险管理，结合实际需要合理控制外债规模，优化外债结构。密切关注宏观经济形势和金融市场运行、国际收支状况等，强化外债风险意识，制定风险防控预案。']",54.0,0.002494464125568
2023-02-10,"['【金融街发布】外汇局：2022年我国国际收支基本平衡 货物贸易顺差及进出口规模均创历史新高', '【金融街发布】证监会：2022年办理内幕交易案件170件 同比下降15%', '【金融街发布】证监会同意“基金E账户”APP公开试运行', '【金融街发布】中国证监会召开2023年债券监管工作会议 强调保护投资者合法权益', '【金融街发布】证监会发布《证券公司场外业务资金服务接口》等4项金融行业标准', '【金融街发布】人民银行：1月社会融资规模增量为5.98万亿元', '【金融街发布】人民银行：1月末社会融资规模存量为350.93万亿元', '【金融街发布】人民银行：1月M2货币供应同比增长12.6%']","['国家外汇管理局副局长、新闻发言人王春英表示，2022年我国国际收支状况主要呈现三方面特点，包括：货物贸易顺差及进出口规模均创历史新高；...', '2022年，证监会稽查部门办理案件603件，其中重大案件136件，向公安机关移送涉嫌犯罪案件和通报线索123件，案件查实率达到90%。具体看，2022...', '近日，证监会同意中国结算启动公募基金账户份额信息统一查询平台暨“基金E账户”公开试运行。“基金E账户”APP已在各大手机应用商店上架，试...', '据证监会网站消息，中国证监会召开2023年债券监管工作会议。会议强调，要全面深化债市功能发挥，突出服务稳增长和实体经济发展，助力提高直...', '证监会发布《证券公司场外业务资金服务接口》《证券期货业机构内部接口 账户管理》《证券期货业机构内部接口 资讯数据》《证券期货业信息系统...', '初步统计，2023年1月社会融资规模增量为5.98万亿元，比上年同期少1959亿元。', '初步统计，2023年1月末社会融资规模存量为350.93万亿元，同比增长9.4%。', '1月末，广义货币(M2)余额273.81万亿元，同比增长12.6%，增速分别比上月末和上年同期高0.8个和2.8个百分点。']",60.0,0.002520952370733
2023-01-05,"['【金融街发布】第五批支付牌照续展情况公示：12家获续展 2家被中止', '【金融街发布】人民银行、银保监会建立首套住房贷款利率政策动态调整机制', '【财经分析】外汇局：深化外汇领域改革开放 强化外汇市场监测分析', '【金融街发布】银保监会：浙商财险、安诚财险、人保寿险、友邦人寿等4家保险公司存在偿付能力数据不真实问题', '央行多方面发力推动经济运行整体好转']","['人民银行1月5日发布的非银行支付机构《支付业务许可证》续展公示信息（2023年1月第五批）显示，18家进入本轮续展考核的支付机构中，有12家得以续展，2家被中止续展，4家不再续展。', '人民银行、银保监会发布通知，决定建立首套住房贷款利率政策动态调整机制。对于评估期内新建商品住宅销售价格环比和同比连续3个月均下降的城市，阶段性放宽首套住房商业性个人住房贷款利率下限。', '据专家分析，外汇市场在2023年大概率稳定运行，2023年我国外汇储备规模大概率高于2022年。', '银保监会财务会计部（偿付能力监管部）发布关于四家保险公司偿付能力数据不真实问题的通报，通报了2022年偿付能力真实性检查中发现浙商财险、安诚财险、人保寿险、友邦人寿等4家保险公司存在的偿付能力数据不真实问题。', '2023年人民银行系统要综合运用多种货币政策工具，保持流动性合理充裕。多措并举降低市场主体融资成本。支持恢复和扩大消费、重点基础设施和重大项目建设。']",65.0,0.0025544058195257
2023-02-15,"['【金融街发布】财政部负责人就《关于进一步加强财会监督工作的意见》答记者问', '【金融街发布】证监会就境外持牌机构非法跨境展业规范整改情况答记者问', '【金融街发布】外汇局：我国跨境资金流动稳定 境内外汇供求保持基本平衡', '【金融街发布】银保监会：2022年四季度末我国银行业金融机构本外币资产总额同比增长10.0%', '【金融街发布】央行金融市场工作会议：完善支持普惠小微、绿色发展、科技创新等政策工具机制']","['财政部负责人表示，从严从重查处影响恶劣的财务舞弊、会计造假案件，强化对相关责任人的追责问责。加强对国有企业、上市公司、金融企业等的...', '证监会表示，绝大部分证券公司正在积极落实相关整改要求，停止了违规新增开户。相关证券公司及其境外子公司能够全面准确理解监管要求，依...', '国际货币基金组织预期今年中国经济仍将是拉动全球经济的主要引擎，人民币资产吸引力进一步增强，跨境资金流动保持稳定的基础更加稳固。', '银保监会发布数据，2022年四季度末，银行业金融机构用于小微企业的贷款（包括小微型企业贷款、个体工商户贷款和小微企业主贷款）余额59.7万...', '会议指出，要提高金融服务扩大国内需求和建设现代化产业体系的能力，支持加快构建新发展格局。做好政策性开发性金融工具、设备更新改造专...']",68.0,0.0025669413285227
2023-01-30,"['【金融街发布】财政部：统筹财政收入、财政赤字、贴息等政策工具 适度扩大财政支出规模', '【金融街发布】银保监会：2022年第三季度接收并转送银行业消费投诉75627件', '【金融街发布】银保监会：鼓励财险业各公司积极为专精特新等领域提供专业化风险减量服务']","['2023年，财政部将坚决贯彻党中央、国务院决策部署，按照中央经济工作会议要求，坚持稳字当头、稳中求进，加力提效实施积极财政政策，保持必要...', '银保监会发布通报指出，中国银保监会及其派出机构2022年第三季度共接收并转送银行业消费投诉75627件；共接收并转送保险消费投诉32726件。', '《意见》提出，各公司应当根据自身条件研究制定风险减量服务总体规划，逐步探索推进。鼓励各公司加强内控管理、人才建设、信息化建设，创新科...']",72.0,0.0025782973058003
2023-03-15,"['【金融街发布】外汇局：2月份货物贸易涉外收支顺差259亿美元', '【金融街发布】人民银行召开2023年金融稳定工作会议', '【金融街发布】人民银行：2022年末金融业机构总资产419.64万亿元', '【金融街发布】外汇局：深化外汇领域改革开放 持续推进跨境贸易和投融资便利化', '【金融街发布】人民银行：加大对民营小微企业支持力度 继续推进民营企业债券融资支持工具']","['国家外汇管理局数据显示，2月份，银行结汇和售汇规模基本相当，企业、个人等非银行部门涉外收支更趋平衡。', '会议总结2022年金融稳定工作，分析当前金融形势，部署下一阶段金融稳定工作。', '据人民银行初步统计，2022年末，我国金融业机构总资产为419.64万亿元，同比增长9.9%；金融业机构负债为382.33万亿元，同比增长10.3%。', '国家外汇管理局局长潘功胜主持召开党组（扩大）会议，会议要求，要深化外汇领域改革开放，持续推进跨境贸易和投融资便利化，以中小微企业为...', '会议强调，加大对民营小微企业支持力度，进一步解决好民营小微企业融资问题。继续推进民营企业债券融资支持工具，支持民营企业合理债券融...']",78.0,0.0026266776798742
2023-04-12,['【金融街发布】银保监会发布2022年度保险公司偿付能力风险管理评估结果'],['整体看，70家公司平均得分77.44分，较之前评估上升1.41分。人保集团、太保集团、平安保险集团和中华联合集团4家集团公司是首次评估，其余66...'],83.0,0.0026417771672527
2023-02-20,"['【金融街发布】银保监会：支持山东打造国家级先进制造业集群', '【金融街发布】中国证券投资基金业协会发布《不动产私募投资基金试点备案指引（试行）》', '【金融街发布】证监会启动不动产私募投资基金试点 支持不动产市场平稳健康发展', '【金融街发布】人民银行召开2023年金融消费权益保护工作会议', '【金融街发布】证监会组织开展全面实行股票发行注册制投资者教育专项活动', '【金融街发布】银保监会：2023年财险业将继续处于良好发展的战略机遇期']","['银保监会办公厅发布《银行业保险业贯彻落实〈国务院关于支持山东深化新旧动能转换推动绿色低碳高质量发展的意见〉实施意见》，明确优化先进...', '中国证券投资基金业协会发布《不动产私募投资基金试点备案指引（试行）》，自2023年3月1日起施行。', '为进一步发挥私募基金多元化资产配置、专业投资运作优势，满足不动产领域合理融资需求，近日，证监会启动了不动产私募投资基金试点工作。', '人民银行16日召开2023年金融消费权益保护工作会议。会议总结2022年金融消费权益保护工作，分析当前形势，安排部署2023年重点工作。', '2月20日，证监会启动“全面注册制，改革向未来”投资者教育专项活动，引导投资者客观看待和理解全面实行注册制的意义和作用，理性参与投资。', '2023年财险业将继续处于良好发展的战略机遇期，要坚定信心，保持定力，坚持“稳增保障、控降风险、保险为民”，着力开展“保险增量、风险减量”行...']",89.0,0.0026487612157258
2023-12-01,"['【金融街发布】人民银行制定银行间市场债券估值业务管理办法', '【金融街发布】北交所启动公司债券发行承销业务', '【金融街发布·机构研究】《证券公司服务高水平科技自立自强实践报告及典型案例汇编（2019-2023）》等两项报告发布']","['中国人民银行对银行间债券市场估值业务进行监督管理。', '', '由中国经济信息社与北京金融街服务局联合打造的“金融街发布”平台将汇聚来自金融监管部门、金融机构、科研院所、行业协会等机构的最新研究成果、一线调查以及深耕市场的精准洞见进行发布，搭建思想交流平台，为我国金融业高...']",90.0,0.0026552090695996
2023-10-20,"['【金融街发布】证监会修订指引鼓励现金分红 加强对异常高比例分红企业的约束', '【金融街发布】证监会：将公募REITs试点资产类型拓展至消费基础设施', '【金融街发布】国家外汇管理局：人民币汇率在全球货币中表现稳健', '【金融街发布】中国人民银行、国家金融监督管理总局印发《系统重要性保险公司评估办法》', '【金融街发布】正式文件出炉 企业债整体纳入公司债监管框架', '【金融街发布】证监会发布关于企业债券过渡期后转常规有关工作安排']","['本次现金分红规则修订主要思路是在坚持公司自治的基础上，鼓励公司在章程中制定明确的分红政策，稳定投资者分红预期；便利公司中期分红实...', '证监会发布《关于修改〈公开募集基础设施证券投资基金指引（试行）〉第五十条的决定》，将公募REITs试点资产类型拓展至消费基础设施，自发布之...', '国家外汇管理局统计数据显示，2023年9月，银行结汇12705亿元人民币，售汇13669亿元人民币。2023年1-9月，银行累计结汇117061亿元人民币，累...', '其中提出，对参评保险公司系统重要性进行评估，识别我国系统重要性保险公司，每两年发布系统重要性保险公司名单，对系统重要性保险公司进...', '《管理办法》和《24号准则》向社会公开征求意见后，市场各方广泛关注，总体赞同修订的基本思路和调整内容，并提出了一些具体修改建议。证监会经认真研究，吸收采纳了相关意见建议。', '证监会20日发布关于企业债券过渡期后转常规有关工作安排的公告称，按照统一公司债券和企业债券、促进协同发展的思路，将企业债券纳入公司债券管理体系，着力发挥债券市场功能，更好服务实体经济高质量发展。']",94.0,0.0026800679741092
2023-04-07,['【金融街发布】3月末我国外汇储备规模为31839亿美元'],['2023年3月，受主要经济体货币政策及预期等因素影响，美元指数下跌，全球金融资产价格总体上涨。在汇率折算和资产价格变化等因素综合作用下...'],100.0,0.0027166561729181
2023-12-25,['【金融街发布】财政部：今年前十一个月全国共发行新增地方债券45465亿元'],['1-11月，全国共发行地方政府债券91418亿元，其中一般债券32878亿元、专项债券58540亿元。同期，共发行新增债券45465亿元，其中一般债券6831亿元、专项债券38634亿元。'],108.0,0.0027451635486658
2023-06-30,"['【金融街发布】李云泽：支持恢复和扩大有效需求 全力以赴推动经济持续回升向好', '【金融街发布】外汇局：一季度我国外债规模有所回升 结构保持基本稳定', '【金融街发布】人民银行：精准有力实施稳健的货币政策 搞好跨周期调节', '【金融街发布】财政部、国家税务总局：对烷基化油（异辛烷）按照汽油征收消费税', '【金融街发布】9个区域性股权市场入选第一批“专精特新”专板建设方案备案名单', '【金融街发布】人民银行增加支农支小再贷款、再贴现额度2000亿元', '【金融街发布】中国人民银行增加支农支小再贷款、再贴现额度2000亿元 进一步加大对“三农”、小微和民营企业金融支持力度', '【金融街发布】外汇交易中心发布Libor终止后的新旧基准利率平稳更替安排', '【金融街发布】证监会公示“专精特新”专板建设方案备案名单（第一批）']","['李云泽指出，要稳慎化解存量、坚决遏制增量，有力有效防范化解重点领域金融风险。支持恢复和扩大有效需求，全力以赴推动经济持续回升向好。', '王春英预计，未来我国外债规模将继续保持稳定。随着主要发达经济体货币政策紧缩节奏放缓，有关外溢影响将逐步减弱。同时，我国坚持稳中求进...', '会议要求，深化金融供给侧结构性改革，引导大银行服务重心下沉，推动中小银行聚焦主责主业，支持银行补充资本，共同维护金融市场的稳定发展...', '为促进成品油行业规范健康发展，根据《财政部 国家税务总局关于提高成品油消费税税率的通知》（财税〔2008〕167号），财政部、国家税务总局公告了符合《成品油消费税征收范围注释》规定的部分成品油消费税政策执行口径。', '北京股权交易中心、浙江省股权交易中心、江西联合股权交易中心等9个区域性股权市场入选第一批“专精特新”专板建设方案备案名单。', '中国人民银行决定增加支农支小再贷款、再贴现额度2000亿元，其中，支农再贷款、支小再贷款、再贴现分别增加额度400亿元、1200亿元、400亿元，...', '支农再贷款、支小再贷款、再贴现分别增加额度400亿元、1200亿元、400亿元，调增后额度分别为8000亿元、17600亿元、7400亿元。', '美元伦敦同业拆借利率将于2023年6月30日后终止报价，中国外汇交易中心将于2023年7月3日起，终止挂钩旧基准利率相关产品交易，调整相关产...', '30日，证监会公示“专精特新”专板建设方案备案名单（第一批）。']",115.0,0.0027666409275175
2023-12-15,"['【金融街发布】证监会：放宽回购条件触发门槛 增设一项回购条件', '【金融街发布】证监会：鼓励上市公司增加现金分红频次 督促公司在章程中细化分红政策', '【金融街发布】国家外汇局：11月银行结汇12412亿元人民币 售汇14173亿元人民币', '【金融街发布】国家外汇局：2024年将重点抓好外汇领域高水平对外开放的有序扩大等方面工作', '【金融街发布】银行间外币对及外币货币市场交易时间调整至7:00-次日3:00', '【金融街发布】人民银行：2023年三季度末金融业机构总资产452.82万亿元', '【金融街发布】国家外汇局：在上海、江苏、广东、北京等地扩大实施跨境贸易投资高水平开放政策试点', '【金融街发布·机构研究】新华财经绿色金融信息服务系统发布']","['证监会修订发布《上市公司股份回购规则》，对部分条款予以优化完善。', '证监会发布《上市公司监管指引第3号——上市公司现金分红（2023年修订）》等规范性文件，鼓励上市公司增加现金分红频次，引导形成中期分红习惯...', '统计数据显示，2023年11月，银行结汇12412亿元人民币，售汇14173亿元人民币。2023年1-11月，银行累计结汇140988亿元人民币，累计售汇145913...', '2024年外汇管理部门要聚焦经济建设这一中心任务和高质量发展这一首要任务，坚持稳中求进、以进促稳、先立后破，更好统筹高质量发展和高水...', '银行间外币对及外币货币市场交易时间调整至7:00-次日3:00，外币对市场包括即期、远期、掉期、货币掉期和期权等交易品种，外币货币市场包括...', '据人民银行初步统计，2023年三季度末，我国金融业机构总资产为452.82万亿元，同比增长9.5%；金融业机构负债为413.3万亿元，同比增长9.7%。', '国家外汇管理局决定在上海市、江苏省、广东省（含深圳市）、北京市、浙江省（含宁波市）、海南省全域扩大实施跨境贸易投资高水平开放政策试点，...', '新华财经绿色金融信息服务系统旨在推动社会经济绿色低碳化转型，为金融机构、地方政府、企业等用户提供一站式绿色金融信息化解决方案，有效解决绿色金融发展过程中普遍遇到的“绿色业务识别难”“环境效益核算难”“环境风险...']",118.0,0.0027813432738647
2023-05-30,['【金融街发布】国资委就《中央企业债券发行管理办法》释疑'],['国资委制定印发了《中央企业债券发行管理办法》，适应债券市场发展实际，优化管理范围，将债券发行管理范围扩充为企业在各类债券市场发行的...'],123.0,0.0027967565388774
2023-06-01,['【金融街发布】财政部今年将在香港发行300亿元人民币国债'],['2023年财政部将在香港特别行政区发行300亿元人民币国债。人民币国债分四期发行，规模分别为120亿元、60亿元、60亿元、60亿元。'],125.0,0.0028091483085899
2023-11-30,[],[],126.0,0.0028120509736543
2023-06-15,"['【金融街发布】人民银行上海总部：5月新增7家境外机构主体进入银行间债券市场', '【金融街发布】外汇局：5月银行结售汇、企业和个人等非银行部门跨境收支均呈现顺差']","['截至2023年5月末，境外机构持有银行间市场债券3.19万亿元，约占银行间债券市场总托管量的2.5%。从券种看，境外机构的主要托管券种是国债，...', '国家外汇管理局副局长、新闻发言人王春英表示，5月，银行结售汇、企业和个人等非银行部门跨境收支均呈现顺差，规模分别为33亿和19亿美元。综...']",130.0,0.0028246626414589
2022-02-23,[],[],135.0,0.0028379456728362
2023-11-07,"['【金融街发布】人民银行：持续疏通金融市场资金进入实体经济的渠道 进一步优化融资结构和资金供给结构', '【金融街发布】外汇局：10月末我国外汇储备规模为31012亿美元']","['一是持续疏通金融市场资金进入实体经济的渠道，进一步优化融资结构和资金供给结构。二是以全面加强监管、防范化解风险为重点，进一步完善...', '']",138.0,0.0028616428503632
2023-10-25,['【金融街发布】金融监管总局：符合条件的保险公司可以经营专属商业养老保险'],['《通知》对保险公司经营条件提出了较高要求，明确所有者权益不低于50亿元且不低于公司股本（实收资本）的75%，偿付能力充足率、责任准备金覆...'],146.0,0.0029022320375691
2022-08-16,[],[],147.0,0.0029036266466353
2022-10-17,[],[],149.0,0.0029154816872031
2022-09-14,[],[],152.0,0.0029298492344969
2022-12-30,"['【金融街发布】证监会：符合条件的已境外上市红筹企业豁免适用《科创指引》关于营收指标的规定', '【金融街发布】两部门：1月3日起外汇市场交易时间延至次日凌晨3点', '【金融街发布】中国人民银行货币政策委员会召开2022年第四季度例会', '【金融街发布】人民银行：加大稳健货币政策实施力度 着力支持扩大内需', '【金融街发布】中国证监会推进富途控股、老虎证券非法跨境展业整治工作', '证监会就《期货市场持仓管理暂行规定（征求意见稿）》公开征求意见', '【金融街发布】中国证券投资基金业协会就《私募投资基金登记备案办法（征求意见稿）》及配套指引公开征求意见', '【金融街发布】国家外汇管理局：2022年11月中国外汇市场总计成交19.80万亿元人民币', '【金融街发布】银保监会：拟将信托业务分为三大类25个业务品种']","['证监会对《科创属性评价指引（试行）》进行了修订，增加符合条件的已境外上市红筹企业豁免适用《科创指引》关于营业收入指标的规定。', '中国人民银行和国家外汇管理局发布公告称，自2023年1月3日起将延长银行间外汇市场交易时间，由9:30-23:30调整至为9:30-次日3:00。包括人...', '中国银行表示，将深化汇率市场化改革，增强人民币汇率弹性，引导企业和金融机构坚持“风险中性”理念，优化预期管理，保持人民币汇率在合理均...', '会议认为，加大稳健货币政策实施力度，要精准有力，发挥好货币政策工具的总量和结构双重功能，增强信心，攻坚克难，着力稳增长稳就业稳物价，...', '据证监会30日消息，近年来，富途控股、老虎证券未经证监会核准，面向境内投资者开展跨境证券业务，根据《证券法》等相关法律法规，其行为已构...', '为切实做好《中华人民共和国期货和衍生品法》贯彻落实工作，证监会起草了《期货市场持仓管理暂行规定（征求意见稿）》，现向社会公开征求意见。', '中国证券投资基金业协会对《私募投资基金管理人登记和基金备案办法（试行）》进行修订，更名为《私募投资基金登记备案办法》，并起草配套指引，...', '国家外汇管理局统计数据显示，2022年11月，中国外汇市场总计成交19.80万亿元人民币。', '《通知》明确信托业务分类标准和具体要求。将信托业务分为资产管理信托、资产服务信托、公益/慈善信托三大类，并在每一大类业务下细分信托业...']",154.0,0.0029373778174493
2023-02-01,"['【金融街发布】一文速览！证监会就“首次公开发行股票注册管理办法”等15份规范性文件公开征求意见', '【金融街发布】全面实行股票发行注册制改革正式启动 核心要点来了！', '【金融街发布】证监会就全面实行股票发行注册制主要制度规则向社会公开征求意见', '【金融街发布】证监会：全面实行股票发行注册制改革正式启动', '【金融街发布】证监会有关部门负责人就全面实行股票发行注册制答记者问', '【金融街发布】人民银行：全国共有小额贷款公司5958家 贷款余额9086亿元 全年减少337亿元']","['2月1日，中国证监会就全面实行股票发行注册制涉及的《首次公开发行股票注册管理办法》等主要制度规则草案公开征求意见。', '2023年2月1日，全面实行股票发行注册制改革正式启动。《首次公开发行股票注册管理办法》《上市公司证券发行注册管理办法》等规则已向社会公...', '中国证监会就全面实行股票发行注册制涉及的《首次公开发行股票注册管理办法》等主要制度规则草案向社会公开征求意见\u200b。', '证监会2月1日发布《关于全面实行股票发行注册制前后相关行政许可事项过渡期安排的通知》\u200b，2023年2月1日，全面实行股票发行注册制改革正式...', '据证监会网站2月1日发布信息，证监会有关部门负责人就全面实行股票发行注册制答记者问。', '截至2022年12月末，全国共有小额贷款公司5958家。贷款余额9086亿元，全年减少337亿元。']",155.0,0.0029398744762766
2022-07-20,[],[],160.0,0.002959800657007
2023-05-05,"['【金融街发布】深交所发布两项公司债券信息披露业务指引', '【金融街发布】人民银行：“北向互换通”下的交易将于5月15日启动', '【金融街发布】人民银行召开2023年巡视巡察工作会议暨巡视动员部署会', '【金融街发布】上交所修订发布公司债券存续期信息披露业务指引']","['两项指引完善了增信主体、受托管理人等信息披露要求，进一步督促相关市场主体归位尽责。', '初期，全部境外投资者通过“北向互换通”开展利率互换交易在轧差后的名义本金净额每日不超过人民币200亿元；上海清算所与场外结算公司之间...', '会议强调，人民银行系统各级党组织要落实好巡视巡察主体责任，科学规划好今后五年巡视巡察工作蓝图，健全巡视巡察上下一盘棋格局，推进巡...', '新增可能导致公司信用类债券加速清偿、成立金融机构债权人委员会等披露事项；明确公司债券价格下跌或者发生异常波动情形的核查与披露要求；简化与信用风险关联度较低事项的披露要求，如提高新增借款、新增担保和重大投资...']",167.0,0.0029880368920843
2023-03-30,['【金融街发布】国家外汇管理局公布2022年末中国银行业对外金融资产负债数据'],['2022年末，我国银行业对外金融资产15186亿美元，对外负债13522亿美元，对外净资产1665亿美元。'],173.0,0.0030117858714387
2021-05-25,[],[],176.0,0.0030176857233713
2023-06-20,"['【金融街发布】交易商协会：发行人应主动维护市场公平竞争秩序 审慎调整簿记建档利率区间', '【金融街发布】人民银行：一季度银行卡交易金额同比增长10.57%']","['发行人应主动维护市场公平竞争秩序，不得有通过综合业务合作等方式干扰发行定价、违背市场化原则违规指定发行利率（价格）等情形。', '据人民银行消息，一季度，银行卡交易业务量明显增长。全国共发生银行卡交易71118.39 亿笔，金额292.90万亿元，同比分别增长18.75%和 10.57%...']",180.0,0.0030324303757723
2023-03-20,['【金融街发布】人民银行：2022年末银行卡授信总额同比增长5.34%'],['报告显示，截至2022年末，银行卡授信总额为22.14万亿元，同比增长5.34%；银行卡应偿信贷余额为8.69万亿元，同比增长0.85%。'],183.0,0.0030477501360359
2023-07-05,['【金融街发布】第六批支付牌照续期结果公布：12家成功续展 2家中止审查'],['其中，12家成功续展的支付机构包括北京度小满支付科技有限公司、北京新浪支付科技有限公司和快捷通支付服务有限公司等。'],185.0,0.0030616995057459
2023-10-30,[],[],186.0,0.0030684230264167
2022-10-13,['【金融街发布】人民银行：持续做好立法统筹 从全局角度把握金融法律体系建设'],['人民银行条法司发文称，人民银行将持续做好立法统筹，从全局角度把握金融法律体系建设，推动出台、修订《金融稳定法》《中国人民银行法》《商业银行法》等一批重大金融立法项目。'],187.0,0.0030715255274788
2022-08-08,[],[],195.0,0.0031090787228254
2022-03-01,[],[],196.0,0.0031109763294183
2022-11-25,"['【新华解读】全面降准“火速”落地：实体经济迎来“及时雨”，股债市场影响几何？', '【新华解读】全面降准稳定市场信心 释放长期资金约5000亿元', '【金融街发布】证监会通报证券公司投行业务内部控制及廉洁从业专项检查情况', '【金融街发布】证监会就《证券期货违法违规行为举报工作规定（征求意见稿）》公开征求意见', '【金融街发布】国家外汇管理局：2022年1-10月中国外汇市场累计成交195.61万亿元人民币', '【金融街发布】人民银行：10月债市共发行各类债券4.58万亿元 沪市日均交易量环比增加8.6%', '【金融街发布】人民银行下调存款准备金率0.25个百分点 释放长期资金约5000亿元', '【金融街发布】国家外汇管理局：10月我国国际收支货物和服务贸易进出口规模38470亿元']","['业内人士表示，为应对债市调整，经济数据高频转弱以及年末信贷发力，本次降准有空间、有必要。政策正式落地后，将共计释放长期资金约5000亿元，股、债、楼市或均可受益，不过12月LPR报价走势仍待观察。', '分析人士表示，此次全面降准将有利于满足和进一步释放居民刚需、改善型按揭贷款需求，提高居民购房意愿与能力，促进房地产市场销售。', '检查发现部分证券公司存在内控制度和保障机制不健全、内控把关不严格等问题，个别证券公司存在内控组织架构不合理、岗位职责利益冲突、投行团队“承包制”管理等较为严重的问题。', '证监会根据举报工作实践经验，对《证券期货违法违规行为举报工作暂行规定》进行了修订，形成了《证券期货违法违规行为举报工作规定（征求意见稿）》，现向社会公开征求意见。', '国家外汇管理局统计数据显示，2022年10月，中国外汇市场总计成交15.34万亿元人民币。即期市场累计成交6.01万亿元人民币，衍生品市场累计成交9.33万亿元人民币。', '10月份，债券市场共发行各类债券45832.2亿元；沪市日均交易量为3411.2亿元，环比增加8.6%；深市日均交易量为4527.8亿元，环比增加8.9%。', '人民银行决定于2022年12月5日降低金融机构存款准备金率0.25个百分点（不含已执行5%存款准备金率的金融机构）。本次下调后，金融机构加权平均存款准备金率约为7.8%。此次降准共计释放长期资金约5000亿元。', '国家外汇管理局数据显示，2022年10月，我国国际收支货物和服务贸易进出口规模38470亿元，同比增长5%。其中，货物贸易出口19190亿元，进口15102亿元，顺差4088亿元。']",216.0,0.0031792392623068
2022-12-15,['【金融街发布】外汇局：11月银行结售汇逆差环比收窄47% 境内外汇供求更趋平衡'],['统计数据显示，2022年11月，银行结汇13304亿元人民币，售汇13754亿元人民币。2022年1-11月，银行累计结汇157776亿元人民币，累计售汇151344亿元人民币。'],218.0,0.0031845227568618
2023-08-30,"['【金融街发布】金融监管总局副局长周亮：督促银保机构树牢一视同仁观念 引导信贷资源向民营企业倾斜', '【金融街发布】证监会：抓好资本市场支持民营企业发展的各项任务落实落地', '【金融街发布】财政部：加快地方政府专项债券发行使用 坚决查处新增隐性债务行为', '【金融街发布】人民银行马贱阳：抓紧研究制定金融支持民营经济发展政策举措 持续提高民营企业贷款占比']","['“下一步，要将金融资源更多投向新兴制造业、科技创新、绿色环保、外贸等方面的民营企业，同时还要扩大出口金融企业科技保险的覆盖面，开发各...', '中国证监会副主席王建军在会上表示，抓好资本市场支持民营企业发展的各项任务的落实落地，推动注册制改革走深走实，优化并购重组小额快速...', '报告提出加快地方政府专项债券发行使用，研究扩大投向领域和用作项目资本金范围，持续加强专项债券项目储备和投后管理，提升专项债券资金...', '中国人民银行金融市场司副司长马贱阳在会上介绍说，正抓紧研究制定金融支持民营经济发展政策举措，相关措施要求金融机构制定民营企业年...']",220.0,0.0031948383494181
2023-05-15,"['【金融街发布】人民银行发布2023年第一季度中国货币政策执行报告', '【金融街发布】人民银行上海总部：4月末境外机构持有银行间市场债券3.17万亿元', '【金融街发布】第一季度银行间外汇市场人民币直接交易成交活跃 流动性平稳', '【金融街发布】外汇局：经常项下跨境资金流动继续发挥稳定外汇市场的基础作用', '【金融街发布】外汇局：4月银行结汇1869亿美元 售汇1815亿美元', '【金融街发布】内地与香港“互换通”业务正式上线']","['总的看，今年以来货币政策坚持稳健取向，实现了较好的调控效果，有力支持经济发展恢复向好。', '截至2023年4月末，境外机构持有银行间市场债券3.17万亿元，约占银行间债券市场总托管量的2.5%。', '《2023年第一季度中国货币政策执行报告》显示，第一季度，银行间外汇市场人民币直接交易成交较为活跃，流动性平稳，降低了微观经济主体的汇...', '随着主要发达经济体货币政策紧缩幅度放缓，有关外溢影响将逐步减弱，同时近年来我国外汇市场韧性显著增强，市场成熟度以及市场主体理性程...', '2023年4月，银行结汇1869亿美元，售汇1815亿美元。2023年1-4月，银行累计结汇7329亿美元，累计售汇7427亿美元。', '“互换通”境内外投资者可经由内地与香港金融市场基础设施机构在交易、清算、结算等方面互联互通的机制安排，在不改变交易习惯、有效遵从两...']",225.0,0.0032145928655902
2022-09-08,[],[],226.0,0.0032153371635213
2022-12-20,"['【金融街发布】人民银行：2022年三季度末金融业机构总资产413.46万亿元 同比增长10.1%', '【金融街发布】银保监会消保局：警惕不法贷款中介诱导消费者违规转贷的风险']","['其中，银行业机构总资产为373.88万亿元，同比增长10.2%；证券业机构总资产为12.87万亿元，同比增长7.3%；保险业机构总资产为26.71万亿元，同比增长9.8%。', '银保监会消保局提醒广大消费者，认清转贷操作的不良后果和风险隐患，增强风险防范意识，维护自身合法权益。']",237.0,0.0032712489131833
2022-03-30,[],[],238.0,0.0032779004546576
2023-08-25,['【金融街发布】证监会：提高重组市场效率 发行股份购买资产财务资料有效期拟从“6+1”改成“6+3”'],['本次修改涉及《26号准则》第69条相关内容。一是明确发股类重组项目财务资料有效期特别情况下可适当延长，延长时间至多不超过3个月。二是明...'],255.0,0.0033470389727255
2022-08-23,[],[],256.0,0.0033481317382161
2022-01-10,[],[],260.0,0.0033621834894066
2021-10-20,[],[],266.0,0.0033801839564451
2023-09-07,"['【金融街发布】8月末外汇储备报31601亿美元 未来有望保持基本稳定', '【金融街发布】外汇局：截至8月末外储规模为31601亿美元']","['随着经济持续恢复，市场预期提振，外汇市场有望维持稳定运行，外汇储备规模也会逐步趋稳。', '汇率折算和资产价格变化等因素综合作用，当月外汇储备规模下降。']",276.0,0.0034144574268256
2021-12-01,[],[],282.0,0.0034330928212196
2022-02-10,[],[],288.0,0.0034581189148667
2022-12-01,"['【金融街发布】银保监会：2023年1月1日起在10个省（市）开展商业养老金业务试点', '【金融街发布】人民银行张青松：深入贯彻落实反电信网络诈骗法 推动“资金链”治理再上新台阶']","['银保监会发布通知，自2023年1月1日起，在北京市、上海市、江苏省、浙江省、福建省、山东省、河南省、广东省、四川省、陕西省等10个省（市）开展商业养老金业务试点。试点期限暂定一年。', '人民银行党委委员、副行长张青松撰文指出，打击治理电信网络诈骗犯罪具有长期性、艰巨性、复杂性，金融行业要充分发挥法治引领作用，推动“资金链”治理再上新台阶，以实际行动守护人民群众“钱袋子”。']",299.0,0.0034773820331414
2022-10-31,"['【金融街发布】央行：截至9月末债券市场托管余额为143.9万亿元', '【金融街发布】人民银行：9月债市共发行债券5.2万亿元 沪市日均交易量环比减少24%', '【金融街发布】易纲：人民银行正与香港金融管理局以及其他货币当局就CBDC开展合作']","['截至9月末，债券市场托管余额为143.9万亿元。其中，国债托管余额24.3万亿元，地方政府债券托管余额34.5万亿元，金融债券托管余额33.9万亿元，公司信用类债券托管余额32.2万亿元。', '9月，债券市场共发行各类债券52015.9亿元；银行间质押式回购月加权平均利率为1.46%，环比上升21个基点；沪市日均交易量为3141.4亿元，环比减少24.1%；深市日均交易量为4156.7亿元，环比减少30.0%。', '人民银行行长易纲指出，人民银行正在与香港金融管理局以及其他货币当局就央行数字货币（CBDC）开展合作。希望此类合作能够更好地服务于国际国内市场需求，并有助于巩固香港作为国际金融中心的地位。']",302.0,0.0034865157376188
2022-06-27,[],[],310.0,0.0035081873512711
2021-06-10,[],[],314.0,0.003517902105482
2022-05-20,[],[],321.0,0.0035408357854108
2021-06-28,[],[],327.0,0.0035489662075255
2023-04-26,"['【金融街发布】银保监会：一季度末银行业金融构资产总额397.3万亿元 同比增长11％', '【金融街发布】财政部：3月全国发行地方政府债券8900亿元']","['一季度末，银行业金融机构资产总额397.3万亿元，同比增长11%。保险公司总资产28.4万亿元，同比增长10.5%。', '财政部26日公布2023年3月地方政府债券发行和债务余额情况。数据显示，3月，全国发行地方政府债券8900亿元，其中一般债券2548亿元、专项债券...']",332.0,0.0035566033957628
2021-02-19,[],[],334.0,0.0035633839544952
2021-11-01,[],[],335.0,0.0035646931733532
2022-04-01,[],[],338.0,0.0035818507911887
2022-06-10,[],[],339.0,0.0035858101762308
2022-07-25,[],[],342.0,0.0035893873188921
2022-12-05,[],[],348.0,0.0036094325397121
2021-07-20,[],[],355.0,0.0036258088017478
2021-08-25,[],[],358.0,0.0036344601850881
2021-04-01,[],[],365.0,0.0036664885686061
2021-06-25,[],[],368.0,0.0036689256851573
2022-07-01,[],[],371.0,0.0036848888420618
2023-03-10,"['【金融街发布】人民银行：2月社会融资规模增量3.16万亿元 比上年同期多1.95万亿元', '【金融街发布】人民银行：2月M2货币供应同比增长12.9%']","['初步统计，2023年2月社会融资规模增量为3.16万亿元，比上年同期多1.95万亿元。初步统计，2023年2月末社会融资规模存量为353.97万亿元，同比...', '2月末，广义货币(M2)余额275.52万亿元，同比增长12.9%，增速分别比上月末和上年同期高0.3个和3.7个百分点。2月份人民币贷款增加1.81万亿元...']",376.0,0.0036936345242952
2022-05-31,[],[],378.0,0.0036977717701477
2022-09-02,[],[],379.0,0.0037004409939798
2023-11-02,"['【金融街发布】人民银行、外汇局：坚持金融服务实体经济 深化利率汇率市场化改革', '【金融街发布】推动高质量发展 完善防控风险机制——证监会研究贯彻落实中央金融工作会议精神措施']","['会议强调，始终保持货币政策的稳健性，更加注重做好跨周期和逆周期调节，充实货币政策工具箱；深化利率汇率市场化改革，健全市场化利率形成、调控和传导机制，坚持市场供求在汇率形成中发挥决定性作用。', '中国证监会召开党委（扩大）会议，传达学习中央金融工作会议精神，研究贯彻落实措施。']",383.0,0.0037111451623196
2021-11-25,[],[],385.0,0.003711603682274
2022-08-12,[],[],386.0,0.0037117647487247
2023-07-20,"['【金融街发布】交易商协会创新推出混合型科创票据', '【金融街发布】财政部将8月在港发行人民币国债规模调高至120亿元', '【金融街发布】国家金融监督管理总局省市两级派出机构统一挂牌', '【金融街发布】监管部门上调跨境融资宏观审慎调节参数 进一步释放汇率维稳信号', '【金融街发布】跨境融资宏观审慎调节参数上调至1.5']","['为科技型企业提供全生命周期的多元化接力式金融服务，持续加大科技型企业融资支持力度，创新推出混合型科创票据，7月20日，首批项目正式披...', '财政部曾经公告，今年将在香港分四期发行共300亿元人民币国债，规模分别为120亿元、60亿元、60亿元及60亿元。与公告相比，8月的发行规模被调...', '7月20日上午，国家金融监督管理总局31家省级监管局和5家计划单列市监管局、306家地市监管分局统一挂牌，标志着金融监管体制改革迈出重要步伐，取得阶段性成效。', '中银证券全球首席经济学家管涛表示，在当前外汇形势下，上调跨境融资宏观审慎调节参数，将鼓励资本流入，进一步释放汇率维稳信号。', '为进一步完善全口径跨境融资宏观审慎管理，继续增加企业和金融机构跨境资金来源，引导其优化资产负债结构，中国人民银行、国家外汇局决定...']",390.0,0.0037263137845977
2022-02-07,[],[],394.0,0.0037323442246524
2023-11-22,['【金融街发布】四部门：大力支持实施创新驱动发展战略 把更多金融资源用于促进科技创新'],['要聚焦科技创新的重点领域和金融服务的短板弱项，深化金融供给侧结构性改革，推动完善包括信贷、债券、股票、保险、创业投资、融资担保在内全...'],402.0,0.0037817724561909
2021-04-20,[],[],408.0,0.0037923360353243
2021-10-25,[],[],409.0,0.0037940663415199
2021-03-18,[],[],410.0,0.0038018322542988
2023-12-20,['【金融街发布】2024年1月2日起推出澳门元外汇交易相关服务'],['中国外汇交易中心将于2024年1月2日起在银行间外汇市场开展人民币对澳门元、美元和港元对澳门元交易。'],413.0,0.0038065570414754
2021-11-15,[],[],415.0,0.0038080597347172
2021-04-23,[],[],417.0,0.0038153910506129
2021-06-01,[],[],418.0,0.0038206981509689
2021-04-28,[],[],431.0,0.0038641670083037
2021-02-18,[],[],433.0,0.0038688395183227
2021-07-15,[],[],434.0,0.0038692295428395
2021-04-15,[],[],435.0,0.0038729751437874
2022-06-30,[],[],440.0,0.0038860605918957
2022-02-28,[],[],443.0,0.0038924675708926
2021-12-10,[],[],459.0,0.0039630250953113
2021-06-30,[],[],464.0,0.0039802955678621
2021-05-28,[],[],474.0,0.0040227071547027
2022-11-30,['【金融街发布】银保监会：将公司治理监管评估等级为D级及以下银保机构列为重点监管对象'],['《办法》进一步优化评估机制。根据评估分类结果，差异化配置评估资源，原则上银行保险机构每年至少开展一次评估，但对评估结果为B级（良好）及以上的机构，可适当降低评估频率。'],477.0,0.0040381195776738
2021-03-31,[],[],479.0,0.0040445032797334
2021-01-20,[],[],484.0,0.0040634647189042
2022-05-05,[],[],485.0,0.0040708891279339
2021-12-20,[],[],488.0,0.0040934417851621
2021-07-05,[],[],490.0,0.0040976200315632
2021-03-05,[],[],495.0,0.0041263915699619
2021-03-25,[],[],498.0,0.004140015674454
2021-09-15,[],[],501.0,0.0041489211287949
2021-08-05,[],[],505.0,0.004171828681299
2022-05-10,[],[],506.0,0.0041840989049669
2022-11-15,"['【金融街发布】银保监会：三季度末我国银行业金融机构本外币资产总额同比增长10.2%', '【金融街发布】央行上海总部：10月新增4家境外机构主体进入银行间债券市场', '【金融街发布】外汇局：境外投资者在我国长期投资兴业以及配置人民币资产的意愿总体稳定', '【金融街发布】交易商协会发布新版非金融企业债务融资工具注册专家管理办法', '【金融街发布】外汇局：10月银行结汇1701亿美元 售汇1820亿美元', '【新华解读】MLF缩量+OMO放量+PSL投放 央行精细化操作平衡中长期及短期流动性', '【新华解读】11月MLF“缩量平价”续做 专家：5年期以上LPR仍有下调空间']","['银保监会数据显示，2022年三季度末，我国银行业金融机构本外币资产总额373.9万亿元，同比增长10.2%；保险公司总资产26.7万亿元，较年初增加1.8万亿元，较年初增长7.3%。', '中国人民银行上海总部15日公布的2022年10月份境外机构投资银行间债券市场简报显示，截至10月末，境外机构持有银行间市场债券3.38万亿元，约占银行间债券市场总托管量的2.7%。', '国家外汇管理局副局长、新闻发言人王春英表示，10月，外商直接投资资本金保持净流入，外资在境内债券市场的投资延续恢复态势，体现了我国涉外经济发展的韧性，显示境外投资者在我国长期投资兴业以及配置人民币资产的意愿总...', '注册专家由投资者、承销商、会计师事务所、律师事务所、评级机构和其他机构等代表组成，其中投资者代表占比不低 于50%。', '国家外汇管理局统计数据显示，2022年10月，银行结汇12125亿元人民币，售汇12971亿元人民币。按美元计值，2022年10月，银行结汇1701亿美元，售汇1820亿美元。', '面对万亿级的MLF到期以及税期高峰的双重冲击，央行开展了MLF缩量+OMO放量的组合操作，叠加此前PSL及科技创新再贷款等工具投放，中长期和短期流动性均得到有效补充。', '分析人士预计，11月MLF利率不动，但当月5年期LPR报价有可能再度下调15个基点；9月商业银行启动新一轮银行存款利率下调过程，为报价行下调5年期LPR报价加点提供动力，四季度居民房贷利率有望持续下行。']",508.0,0.0041947059972689
2023-02-28,[],[],509.0,0.0041995394609962
2021-12-15,[],[],519.0,0.0042546353617282
2021-03-12,[],[],526.0,0.0042721065061663
2021-04-30,[],[],528.0,0.0042944787034273
2022-03-10,[],[],531.0,0.0043032505372651
2021-05-20,[],[],534.0,0.0043176796533314
2021-02-10,[],[],535.0,0.0043244149000669
2021-02-23,[],[],539.0,0.0043370449002619
2021-10-15,[],[],543.0,0.0043534159445431
2021-03-01,[],[],547.0,0.0043901159575785
2021-09-10,[],[],549.0,0.0043965017465786
2021-06-15,[],[],551.0,0.0044197256072755
2022-09-19,[],[],554.0,0.0044483540975647
2021-01-15,[],[],556.0,0.0044616144778063
2021-11-05,[],[],559.0,0.0044677435596907
2022-10-26,['【金融街发布】人民银行上海总部：6月末长三角地区本外币各项贷款余额同比增长14.3%'],['6月末，长三角地区本外币各项贷款余额为54.6万亿元，占全国比重为25.7%；同比增长14.3%，增速比全国水平高3.5个百分点。1-6月，上海、浙江、江苏人民币贷款加权平均利率分别同比下降34个、19个、24个基点。'],561.0,0.0044815190334805
2021-09-01,[],[],567.0,0.0045494288195364
2022-11-10,"['【新华解读】10月新增人民币贷款6152亿元 企业中长期贷款仍为主要增长点', '【金融街发布】证监会：进一步扩大REITs试点范围 尽快覆盖到新能源等领域', '【金融街发布】人民银行：1-10月社融规模增量累计为28.7万亿元 比上年同期多2.31万亿元', '【金融街发布】人民银行：10月末社融规模存量为341.42万亿元 同比增长10.3%', '【金融街发布】人民银行：10月新增人民币贷款6152亿元 月末M2同比增长11.8%', '【金融街发布】银保监会发布《保险保障基金管理办法》']","['专家表示，伴随着宏观经济积极因素不断积累、企业经营预期持续改善、基建和制造业相关融资需求发力等，在9月信贷大幅冲量后，10月企业部门中长贷增量仍然抢眼，说明市场主体内生信用需求稳步恢复。', '监管部门人士表示，证监会将继续抓好REITs常态化发行十条措施的落地实施，促进盘活存量资产，扩大有效投资。 具体而言，推动更多优质项目发行上市，进一步扩大REITs试点范围，尽快覆盖到新能源、水利、新型基础设施等领域。', '初步统计，2022年10月社会融资规模增量为9079亿元，比上年同期少7097亿元。1-10月，社会融资规模增量累计为28.7万亿元，比上年同期多2.31万亿元。', '初步统计，2022年10月末，社会融资规模存量为341.42万亿元，同比增长10.3%。其中，对实体经济发放的人民币贷款余额为209.84万亿元，同比增长10.9%；政府债券余额为59.25万亿元，同比增长16%。', '10月末M2同比增长11.8%，增速比上月末低0.3个百分点，比上年同期高3.1个百分点。1-10月，人民币贷款累计增加18.7万亿元，同比多增1.15万亿元。', '《管理办法》修改了保险保障基金筹集条款，调整保险保障基金暂停缴纳上限，将财产保险公司、人身保险公司的暂停缴纳上限分别由占公司总资产的6%、1%调整为占行业总资产的6%、1%。']",570.0,0.0045778698629417
2021-02-25,[],[],574.0,0.00461419936268
2021-02-01,[],[],577.0,0.0046339032252063
2022-01-20,[],[],579.0,0.0046389119750204
2021-08-20,[],[],584.0,0.0046765840683768
2022-04-20,[],[],587.0,0.0046903742375113
2021-11-30,[],[],589.0,0.0047004814053444
2022-08-31,[],[],596.0,0.0047659615397065
2021-11-10,[],[],602.0,0.0047880856925296
2021-05-10,[],[],611.0,0.0048326136272427
2022-04-15,[],[],614.0,0.0048504785722185
2022-06-22,[],[],619.0,0.0048997533044711
2021-01-13,[],[],624.0,0.0049532632105921
2021-01-26,[],[],628.0,0.0050011481952352
2021-08-30,[],[],632.0,0.0050982515559867
2021-03-10,[],[],635.0,0.0051564731404891
2022-11-01,[],[],636.0,0.0051652935791005
2021-02-26,[],[],637.0,0.0051682539308313
2021-02-08,[],[],642.0,0.0052222237803985
2023-04-21,"['【金融街发布】证监会：对欺诈发行等违法犯罪行为实行行政、民事、刑事立体惩处', '【金融街发布】证监会、国家发改委发布企业债券发行审核职责划转过渡期工作安排', '【金融街发布】外汇局：我国宏观基本面和外汇市场内在韧性支撑外汇市场稳中向好', '【金融街发布】外汇局：便利化政策扩面提质 外贸市场“越诚信越便利、越合规越自主”', '【金融街发布】外汇局：我国外汇市场开局平稳 人民币汇率小幅升值']","['证监会表示，坚决贯彻落实党中央国务院对资本市场违法犯罪行为“零容忍”要求，推动对欺诈发行等违法犯罪行为实行行政、民事、刑事立体惩处，...', '证监会指定中央国债登记结算有限责任公司负责受理工作，中央结算公司、中国银行间市场交易商协会负责审核工作。对于已受理未注册的企业债...', '国家外汇管理局副局长、新闻发言人王春英21日在国新办一季度外汇收支数据发布会上表示，我国外汇市场运行取得良好开局，我国宏观基本面和...', '国家外汇管理局副局长、新闻发言人王春英21日在国新办一季度外汇收支数据发布会上表示，外汇局将深入推进外汇领域改革开放，以高质量的便...', '外汇局副局长、新闻发言人王春英在新闻发布会上表示，一季度，我国外汇市场开局平稳，人民币汇率小幅升值，跨境资金流动更趋均衡。经常账户...']",643.0,0.0052336315258737
2021-01-11,[],[],646.0,0.0052519816985731
2022-02-15,[],[],647.0,0.0052564032166904
2021-03-15,[],[],652.0,0.0052934933033511
2021-07-28,[],[],657.0,0.0054067303910828
2023-05-25,[],[],658.0,0.0054573798996779
2022-07-12,[],[],659.0,0.0054724551210318
2023-05-10,['【金融街发布】李云泽同志任国家金融监督管理总局党委书记'],['中央组织部有关负责同志宣布了中央决定：李云泽同志任国家金融监督管理总局党委书记。'],665.0,0.0055236064661426
2022-05-25,[],[],666.0,0.0055355296379248
2022-03-25,[],[],668.0,0.0056262858045745
2023-12-05,[],[],674.0,0.0058534818264376
2021-08-10,[],[],678.0,0.0060398381587634
2021-01-28,[],[],680.0,0.0061344595055542
2022-09-30,"['【新华解读】央行下调首套个人住房公积金贷款利率 助力更好满足刚性和改善性住房需求', '【新华解读】监管出台新规 推动动产和权利融资业务健康发展']","['在业内看来，此次下调首套个人住房公积金贷款利率，不仅有利于更好地配合与住房相关的商业按揭贷款利率的下行趋势，还有利于进一步提升借款和还款便利度，对满足刚性和改善性住房需求有支撑作用。', '业内认为，《关于推动动产和权利融资业务健康发展的指导意见》以进一步营造公平便利营商环境为导向，提出了动产融资业务的总体要求和基本原则，推动银行机构加大服务力度、深化业务创新、提升风控能力、强化组织实施。']",681.0,0.0061979833244661
2022-09-23,[],[],683.0,0.0062132196976018
2022-09-28,[],[],687.0,0.0064286456804951
2022-07-05,[],[],690.0,0.0065715980098014
2021-02-03,[],[],692.0,0.0066196768550936
2022-07-15,[],[],697.0,0.0069441420938073
2022-01-28,[],[],702.0,0.0073205637409113
2021-02-05,[],[],703.0,0.0074243835851507
2022-06-15,[],[],705.0,0.0079536021288323
2022-01-25,[],[],710.0,0.008952751487084
2021-07-01,[],[],712.0,0.0091351728825748
2022-08-02,[],[],714.0,0.0101088816729953
2022-03-15,[],[],721.0,0.0164574125974975
2022-04-25,[],[],722.0,0.0165864463082513
2021-01-04,[],[],723.0,0.0290206035111804
